{
  "accuracy": 0.9092105263157895,
  "f1_macro": 0.9090880126590217,
  "f1_weighted": 0.9090880126590217,
  "per_class": {
    "World": {
      "precision": 0.9248242293131422,
      "recall": 0.9,
      "f1": 0.9122432648706321,
      "support": 1900
    },
    "Sports": {
      "precision": 0.951081359423275,
      "recall": 0.9721052631578947,
      "f1": 0.9614783966684018,
      "support": 1900
    },
    "Business": {
      "precision": 0.8761854583772392,
      "recall": 0.8752631578947369,
      "f1": 0.875724065297525,
      "support": 1900
    },
    "Sci/Tech": {
      "precision": 0.8843537414965986,
      "recall": 0.8894736842105263,
      "f1": 0.8869063237995277,
      "support": 1900
    }
  },
  "confusion_matrix": [
    [
      1710,
      58,
      81,
      51
    ],
    [
      23,
      1847,
      19,
      11
    ],
    [
      61,
      17,
      1663,
      159
    ],
    [
      55,
      20,
      135,
      1690
    ]
  ],
  "label_names": [
    "World",
    "Sports",
    "Business",
    "Sci/Tech"
  ]
}